id_pessoa,nome,email,data_nascimento
1,Gabriel,gabriel@gmail.com,1998-04-30
2,Janaina,janaina@gmail.com,1978-04-12
3,Jessica,jessica@gmail.com,1993-12-12
5,Caue,gmail@gmail.com,1988-05-12
7,Marcelo Cauã Da Silva,marcelo_dasilva@cognis.com,1952-07-03
8,Theo Davi Galvão,theo_davi_galvao@dicid.com.br,2002-06-05
9,Felipe Guilherme Ryan Pires,felipe.guilherme.pires@engemanltda.com.br,1954-05-05
10,Augusto Leandro Elias Da Conceição,augusto@hotmail.com,1948-01-21
11,Bruna Adriana Almeida,bruna_almeida@companhiadigital.net,1991-05-07
12,Patrícia Luna Catarina Melo,patricia_luna_melo@hotmail.co.jp,1996-06-17
13,Edson Anthony Ribeiro,edson.anthony.ribeiro@bernardino.co,1989-01-23
14,Alice Nicole Mendes,alice-mendes80@prodam.am.gov.br,1993-01-26
15,Yuri Breno Filipe Ribeiro,yuri-ribeiro83@hitmail.com,1972-03-14
16,Simone Débora Fabiana Silva,simone_debora_silva@comunikapublicidade.com.br,1975-01-11
17,Ester Sueli Gabrielly Araújo,ester_sueli_araujo@yahoo.de,1968-02-15
18,Geraldo Raimundo Santos,geraldoraimundosantos@redealumni.com,1987-05-12
19,Márcia Allana Valentina Da Cunha,marcia.allana.dacunha@regler.com.br,1969-03-06
20,Thomas Thales Gonçalves,thomasthalesgoncalves@innovatis.com.br,1951-01-09
21,Daniela Nair Maria Moreira,daniela.nair.moreira@bol.com,1959-07-16
22,Cauê Bernardo Santos,caue_santos@pp33.com.br,2001-01-15
23,Alessandra Rita Monteiro,alessandra_rita_monteiro@carolpessoa.com.br,1999-08-15
24,Davi Enzo Matheus Moura,davienzomoura@baltico.com.br,1980-05-21
25,Andrea Raquel Larissa Vieira,andrearaquelvieira@fosjc.unesp.br,1966-03-12
26,Cristiane Cristiane Silva,cristiane_silva@silnave.com.br,1989-04-19
27,Heitor Sérgio Ferreira,heitor_sergio_ferreira@hardquality.com.br,1963-02-10
28,Vera Sophia Sophia Campos,verasophiacampos@tecsysbrasil.com.br,2000-06-24
29,Bianca Maitê Lima,bianca-lima98@landovale.com.br,1989-05-10
30,Carlos Giovanni Erick Moraes,carlos@gmail.com,1990-07-21
